mes,prediccion_precipitacion
1,14902.67797979798
2,14707.817795344752
3,14512.957610891524
4,14318.097426438297
5,14123.237241985067
6,13928.37705753184
